'id','name','boundary','has_entrance','has_adverts'
1,'Z1','POLYGON ((55.27868554588764 25.19928377245772, 55.27833359203289 25.198834108532534, 55.279092808155085 25.198404743310075, 55.27917634238985 25.198410458605426, 55.27930660225572 25.198607124718585, 55.279470615750974 25.19884472454714, 55.27868554588764 25.19928377245772))',1,1
2,'Z2','POLYGON ((55.278333640348684 25.198834018868187, 55.27807680820201 25.198466285054206, 55.27798647098895 25.198311429282537, 55.27793327724978 25.19816309883763, 55.27874921143996 25.19771039301756, 55.2788801469425 25.19796388331962, 55.27900185744437 25.198141229505655, 55.27911696273833 25.198309370710597, 55.27909268206587 25.198404836714644, 55.278736764793265 25.198605297319503, 55.278364146236164 25.1988159686331, 55.278333640348684 25.198834018868187))',1,1
3,'Z3','POLYGON ((55.279866342111376 25.198620303176124, 55.27954367646852 25.1981526117946, 55.2805880263862 25.197560022313233, 55.2806142008434 25.1976008849856, 55.28035628039183 25.198346231649143, 55.279866342111376 25.198620303176124))',1,1
4,'Z4','POLYGON ((55.27954313871199 25.19815222228402, 55.27959857995597 25.198042375657074, 55.279524533808086 25.197896014244204, 55.279407806024366 25.19772182134901, 55.279221025996264 25.19745092433318, 55.28017209698007 25.196922595131536, 55.280587366741436 25.197560214955022, 55.27954313871199 25.19815222228402))',1,1
5,'Z5','POLYGON ((55.27947217268676 25.198843687037794, 55.27917609476295 25.198409677767188, 55.27909498583297 25.198404744855093, 55.27911737956428 25.198309440193963, 55.279598388704876 25.19804215708583, 55.27954257129875 25.198152694442577, 55.27986663220376 25.198622173278217, 55.27947217268676 25.198843687037794))',1,1
6,'Z6','POLYGON ((55.27911730509109 25.19830857993007, 55.27888076056458 25.19796421327934, 55.27874948104213 25.197709170134356, 55.27921829523854 25.19744837679254, 55.279524428683004 25.197896458592833, 55.27959858063449 25.198042351756463, 55.27911730509109 25.19830857993007))',0,0
